Year,Month,Day,Time,Lat,Lon,Depth,Mag,Region,Timestamp
1999,08,17,00:01:38,40.756,29.955,17,7.6,"TURKEY",934848098
2025,04,23,09:49:10,40.8395,28.142,10,6.2,"TURKEY",1745401750
1999,08,17,13:04:25,40.878,28.706,8,6,"TURKEY",934895065
1999,09,13,11:55:27,40.75,30.079,10.4,5.8,"TURKEY",937223727
2019,09,26,10:59:26,40.89,28.1727,10,5.7,"TURKEY",1569495566
1999,09,29,00:13:06,40.738,29.331,12.2,5.2,"TURKEY",938563986
1999,08,19,15:17:45,40.629,29.137,12,5.2,"TURKEY",935075865
1999,08,31,08:10:49,40.756,29.935,4,5.2,"TURKEY",936087049
1983,10,21,20:34:49,40.1435,29.3521,12.3,5.1,"TURKEY",435616489
2023,12,04,07:42:19,40.438,28.8561,6.5,5.1,"TURKEY",1701675739
2006,10,24,14:00:22,40.4758,29.0356,14.1,5,"TURKEY",1161698422
1988,04,24,20:49:33,40.876,28.2361,10.8,5,"TURKEY",577918173
2025,04,23,10:02:33,40.9205,28.4795,10,5,"TURKEY",1745402553
2025,04,23,12:12:57,40.8591,28.2296,10,5,"TURKEY",1745410377
1999,08,17,00:16:26,40.775,29.934,10,5,"TURKEY",934848986
2000,12,07,12:16:38,41.409,29.362,10,5,"TURKEY",976191398
1999,09,09,01:32:07,40.702,29.146,8.5,5,"TURKEY",936840727
2012,06,07,20:54:26,40.8459,27.9342,7.7,5,"TURKEY",1339102466
1999,08,17,02:50:46,40.783,30.064,11.3,4.9,"TURKEY",934858246
2020,01,11,13:37:37,40.9186,28.2605,10,4.9,"TURKEY",1578749857
2019,09,24,08:00:24,40.8722,28.2498,10,4.9,"TURKEY",1569312024
1993,12,12,17:21:26,41.5494,28.786,28.2,4.8,"TURKEY",755716886
1992,03,22,16:52:24,40.2011,28.3489,24.5,4.8,"TURKEY",701283144
1999,08,26,17:49:38,40.769,30.003,12.2,4.8,"TURKEY",935689778
1991,02,12,09:54:58,40.7967,28.8231,10,4.8,"TURKEY",666352498
1983,02,01,13:54:11,40.2038,28.9369,3.1,4.8,"TURKEY",412955651
2006,10,20,18:15:24,40.2478,28.0145,1.7,4.8,"TURKEY",1161368124
1983,10,30,14:46:37,40.1387,29.3779,10,4.7,"TURKEY",436373197
1985,09,14,15:23:09,40.7249,29.112,7.6,4.7,"TURKEY",495559389
1999,08,17,01:07:54,40.761,29.948,22,4.6,"TURKEY",934852074
1971,05,01,13:45:27,40.9517,27.9865,13,4.6,"TURKEY",41953527
1986,10,26,04:49:29,40.8005,28.993,10,4.6,"TURKEY",530686169
2006,12,19,19:15:37,40.3855,28.3113,10,4.6,"TURKEY",1166555737
1999,08,17,01:33:07,40.682,29.108,7.4,4.6,"TURKEY",934853587
1999,10,20,23:08:20,40.831,29.027,6.6,4.6,"TURKEY",940460900
1981,12,26,17:53:34,40.1476,28.74,0,4.6,"TURKEY",378237214
1999,08,17,10:46:43,40.766,29.698,13.3,4.5,"TURKEY",934886803
2014,07,03,05:04:45,40.248,28.031,13,4.5,"TURKEY",1404363885
2011,07,11,16:09:13,40.1811,29.9579,12.3,4.5,"TURKEY",1310400553
1981,03,12,04:06:00,40.8006,28.0861,12.2,4.5,"TURKEY",353217960
2025,04,23,10:01:04,40.8025,28.2762,10,4.5,"TURKEY",1745402464
1982,06,09,04:13:36,40.1403,28.8944,10,4.5,"TURKEY",392444016
1991,03,03,08:39:25,40.6255,29.0024,10,4.5,"TURKEY",667989565
1999,08,20,09:28:55,40.618,29.132,9.8,4.5,"TURKEY",935141335
1999,09,18,00:48:25,40.603,29.206,9.5,4.5,"TURKEY",937615705
2003,06,09,17:44:02,40.1861,28.0099,9.1,4.5,"TURKEY",1055180642
1981,07,23,16:35:28,40.2973,28.9364,6.8,4.5,"TURKEY",364754128
1988,01,01,12:21:51,40.1365,29.232,6.4,4.5,"TURKEY",568038111
1999,08,31,08:33:23,40.732,29.945,5.9,4.5,"TURKEY",936088403
1999,08,19,14:15:57,40.601,29.149,3.1,4.5,"TURKEY",935072157
2016,06,07,04:09:45,40.2627,29.146,11.5,4.4,"TURKEY",1465272585
2004,05,16,03:30:48,40.7529,29.3295,11,4.4,"TURKEY",1084678248
2019,09,26,11:26:37,40.8556,28.1944,10,4.4,"TURKEY",1569497197
1993,03,18,07:22:44,40.4552,27.9811,9.5,4.4,"TURKEY",732439364
2015,11,16,15:45:44,40.8751,28.7644,9.3,4.4,"TURKEY",1447688744
2003,07,20,04:46:26,40.294,29.6803,7,4.4,"TURKEY",1058676386
2010,10,03,17:49:03,40.8323,28.176,3.2,4.4,"TURKEY",1286128143
1987,10,27,03:15:30,40.4182,28.4575,17.7,4.3,"TURKEY",562302930
2025,04,25,17:33:16,40.8476,28.4496,13.7,4.3,"TURKEY",1745602396
2008,03,12,18:53:32,40.638,28.9981,12,4.3,"TURKEY",1205348012
2020,09,24,13:38:31,40.8072,28.0956,10,4.3,"TURKEY",1600954711
2019,10,10,16:52:03,40.722,29.2217,10,4.3,"TURKEY",1570726323
2019,09,26,20:20:18,40.8284,28.1856,10,4.3,"TURKEY",1569529218
2018,12,20,06:34:25,40.6063,28.9761,10,4.3,"TURKEY",1545287665
1993,03,18,07:51:37,40.4271,28.004,8.5,4.3,"TURKEY",732441097
1983,11,15,10:59:11,40.1242,29.2767,7.2,4.3,"TURKEY",437741951
1985,04,11,13:11:45,40.7036,29.009,6,4.3,"TURKEY",482073105
2008,07,09,04:54:48,40.4283,28.7156,5.6,4.3,"TURKEY",1215579288
1972,11,10,07:40:41,40.4072,28.7267,0,4.3,"TURKEY",90229241
1973,06,11,00:29:33,40.3123,29.3293,26,4.2,"TURKEY",108606573
1981,05,03,20:41:12,40.7945,28.0902,24,4.2,"TURKEY",357770472
1999,08,17,02:23:12,40.526,29.42,19.6,4.2,"TURKEY",934856592
1974,01,18,10:57:14,40.4998,28.9394,18.4,4.2,"TURKEY",127738634
1983,10,27,08:40:09,40.1558,29.3011,17.6,4.2,"TURKEY",436092009
2023,12,17,20:53:53,40.73,29.0587,12.4,4.2,"TURKEY",1702846433
2022,02,06,12:07:52,40.5313,28.9725,11,4.2,"TURKEY",1644149272
1982,07,27,10:23:14,40.3752,28.9501,11,4.2,"TURKEY",396613394
1978,01,16,08:50:22,40.3256,29.1283,10,4.2,"TURKEY",253788622
1978,02,13,05:31:24,40.1397,28.7435,10,4.2,"TURKEY",256195884
1978,05,11,16:35:41,40.1978,29.5804,10,4.2,"TURKEY",263752541
1999,08,17,04:14:23,40.755,29.154,10,4.2,"TURKEY",934863263
2000,07,07,00:15:30,40.858,29.285,10,4.2,"TURKEY",962928930
2018,11,30,02:36:35,40.595,28.955,10,4.2,"TURKEY",1543545395
1999,08,24,18:58:58,40.749,30.023,9,4.2,"TURKEY",935521138
1973,11,22,14:54:53,40.364,29.8804,8.1,4.2,"TURKEY",122828093
2014,10,22,17:11:06,40.4165,30.0978,7.8,4.2,"TURKEY",1413997866
2016,07,17,08:55:41,40.7118,29.18,7.4,4.2,"TURKEY",1468745741
1999,08,31,22:28:33,40.613,29.077,4.5,4.2,"TURKEY",936138513
1999,08,17,01:31:56,40.714,29.027,1.2,4.2,"TURKEY",934853516
1972,06,21,05:06:16,40.2583,30.0415,33,4.1,"TURKEY",77951176
1999,08,17,00:34:51,40.955,30.002,22.6,4.1,"TURKEY",934850091
1999,08,17,00:57:44,40.721,29.717,20,4.1,"TURKEY",934851464
1995,08,19,19:57:13,40.2287,29.6105,16.1,4.1,"TURKEY",808862233
1999,08,17,21:47:40,40.821,30.007,12.9,4.1,"TURKEY",934926460
2011,01,20,02:09:37,40.7342,29.7731,12.5,4.1,"TURKEY",1295489377
1993,05,25,15:36:15,40.4701,28.0711,11.5,4.1,"TURKEY",738344175
1989,01,27,09:48:35,40.4259,29.1492,11,4.1,"TURKEY",601897715
1981,08,28,07:17:08,40.466,29.2109,10,4.1,"TURKEY",367831028
1999,08,23,21:54:51,40.684,29.192,10,4.1,"TURKEY",935445291
2000,01,31,14:38:51,40.712,29.252,9.7,4.1,"TURKEY",949329531
1999,08,20,00:03:02,40.766,29.846,9.5,4.1,"TURKEY",935107382
1995,07,07,18:15:57,40.4849,29.3264,8.7,4.1,"TURKEY",805140957
1987,09,03,16:24:53,40.4566,29.2403,7.5,4.1,"TURKEY",557684693
2013,08,17,18:16:31,40.4367,29.1121,7.2,4.1,"TURKEY",1376763391
1999,08,17,05:45:21,40.744,30.023,7,4.1,"TURKEY",934868721
1999,08,17,09:31:55,40.722,30.067,7,4.1,"TURKEY",934882315
2016,06,25,05:40:11,40.7032,29.2147,6.8,4.1,"TURKEY",1466833211
1993,01,23,15:32:44,40.7843,28.7635,6.3,4.1,"TURKEY",727803164
1972,02,28,02:04:35,40.4014,28.9993,6,4.1,"TURKEY",68090675
1999,08,19,14:24:33,40.611,29.021,5.1,4.1,"TURKEY",935072673
1986,06,27,18:33:36,40.8907,28.3459,5,4.1,"TURKEY",520281216
1984,08,27,06:32:14,40.7375,30.0009,26.5,4,"TURKEY",462436334
1995,10,28,10:45:01,40.8354,27.9717,24.8,4,"TURKEY",814877101
1994,03,28,16:59:00,40.3946,29.9607,17.3,4,"TURKEY",764873940
1999,09,06,06:33:26,40.788,29.746,17.2,4,"TURKEY",936599606
1983,11,03,18:46:17,40.1552,29.2794,14.5,4,"TURKEY",436733177
2025,04,23,10:46:15,40.774,28.2787,13.8,4,"TURKEY",1745405175
1993,12,09,11:15:02,40.6657,29.8306,13.5,4,"TURKEY",755435702
1999,08,20,09:48:37,40.738,29.802,12.5,4,"TURKEY",935142517
1999,08,17,01:47:03,40.796,29.322,12,4,"TURKEY",934854423
2014,08,03,22:22:44,40.6075,29.1652,11.5,4,"TURKEY",1407104564
1999,08,17,06:01:33,40.774,29.91,11.4,4,"TURKEY",934869693
1999,09,04,10:30:53,40.7,29.935,10.4,4,"TURKEY",936441053
2025,04,23,11:50:35,40.8616,28.3477,10,4,"TURKEY",1745409035
1982,05,20,02:42:48,40.4038,28.9825,10,4,"TURKEY",390710568
1999,08,19,14:30:06,40.735,29.485,10,4,"TURKEY",935073006
1993,03,18,07:19:39,40.3995,28.0061,9.8,4,"TURKEY",732439179
2006,10,25,11:56:04,40.4686,29.0075,9.5,4,"TURKEY",1161777364
2008,06,13,11:02:23,40.3611,28.0017,8.9,4,"TURKEY",1213354943
1991,01,07,05:15:14,40.6902,28.5579,8.3,4,"TURKEY",663225314
1999,08,18,15:34:16,40.797,30.069,7.6,4,"TURKEY",934990456
1976,05,29,22:42:08,40.3634,28.8908,5.8,4,"TURKEY",202257728
1992,04,05,00:48:01,40.7961,27.9314,5.6,4,"TURKEY",702434881
2006,10,25,00:56:56,40.4131,29.002,5.6,4,"TURKEY",1161737816
1981,08,08,15:10:58,40.7091,28.2574,3.3,4,"TURKEY",366131458
1994,02,21,04:36:20,40.2039,29.3188,2.4,4,"TURKEY",761805380
2007,01,28,18:06:59,40.5924,28.3862,0.3,4,"TURKEY",1170007619
1970,09,06,17:39:10,40.2,28.5,0,4,"TURKEY",21490750
1973,02,11,12:57:38,40.4208,28.3257,0,4,"TURKEY",98283458
1982,04,16,08:01:29,40.7925,29.844,0,4,"TURKEY",387792089
1999,08,22,01:47:30,40.609,29.075,23.9,3.9,"TURKEY",935286450
1988,09,06,15:04:09,40.6672,29.8534,18.9,3.9,"TURKEY",589561449
1999,09,26,11:13:05,40.741,29.314,16.6,3.9,"TURKEY",938344385
1999,08,17,13:10:25,40.751,29.639,11.7,3.9,"TURKEY",934895425
2002,02,28,08:37:51,40.802,28.14,11.5,3.9,"TURKEY",1014885471
2008,03,17,04:24:47,40.2412,27.9679,10.7,3.9,"TURKEY",1205727887
1978,02,13,01:48:30,40.1512,28.6484,10,3.9,"TURKEY",256182510
1985,10,04,22:48:30,40.131,29.2891,10,3.9,"TURKEY",497314110
1999,08,17,05:54:42,40.745,29.01,10,3.9,"TURKEY",934869282
1999,08,19,14:47:55,40.577,29.06,10,3.9,"TURKEY",935074075
1999,08,20,20:12:42,40.61,29.074,10,3.9,"TURKEY",935179962
1994,05,28,18:01:18,40.6889,29.878,9.8,3.9,"TURKEY",770148078
1989,03,21,06:15:55,40.6696,29.8695,9.2,3.9,"TURKEY",606464155
1999,09,01,03:23:27,40.612,29.072,8.6,3.9,"TURKEY",936156207
1991,05,08,11:49:34,40.1372,29.2708,8,3.9,"TURKEY",673703374
1996,03,21,13:02:19,40.2452,29.5466,7.7,3.9,"TURKEY",827413339
1990,06,10,11:36:43,41.3121,29.3508,6.1,3.9,"TURKEY",645017803
2008,07,17,01:43:02,40.2577,28.0233,5.3,3.9,"TURKEY",1216258982
1984,03,24,12:01:40,40.4381,29.3411,2.9,3.9,"TURKEY",448977700
1981,07,22,22:02:45,40.2651,28.8984,2.1,3.9,"TURKEY",364687365
1981,07,21,09:43:37,40.2259,28.8565,1.2,3.9,"TURKEY",364556617
1995,09,14,15:39:20,40.1617,29.6384,0.3,3.9,"TURKEY",811093160
1998,09,25,16:20:08,40.1997,28.8815,0.3,3.9,"TURKEY",906740408
1999,08,21,10:01:30,40.774,29.676,42.1,3.8,"TURKEY",935229690
2012,10,19,08:17:25,41.0299,28.6224,16.8,3.8,"TURKEY",1350634645
2015,08,13,01:01:28,40.6949,29.2698,15.9,3.8,"TURKEY",1439427688
1999,08,17,20:30:41,40.742,29.269,14.8,3.8,"TURKEY",934921841
2004,09,29,15:42:07,40.7907,28.999,13.9,3.8,"TURKEY",1096472527
2001,01,16,03:33:02,40.906,29.084,13.8,3.8,"TURKEY",979615982
2010,06,11,10:56:45,40.4264,28.9573,12.9,3.8,"TURKEY",1276253805
2012,03,14,09:24:54,40.8149,28.7714,12.6,3.8,"TURKEY",1331717094
1999,08,17,15:17:52,40.77,29.797,12.2,3.8,"TURKEY",934903072
1977,11,16,00:47:11,40.263,27.9536,11,3.8,"TURKEY",248489231
1977,11,02,15:05:22,40.5992,29.2863,10,3.8,"TURKEY",247331122
1977,11,10,09:25:12,40.8114,28.164,10,3.8,"TURKEY",248001912
1986,11,12,02:21:57,40.6623,29.8382,10,3.8,"TURKEY",532146117
1999,08,17,01:48:49,40.571,29.067,10,3.8,"TURKEY",934854529
1990,03,22,06:09:48,41.3523,29.3955,8,3.8,"TURKEY",638086188
1991,03,03,14:38:22,40.634,29.1091,8,3.8,"TURKEY",668011102
2002,05,05,09:22:09,40.545,28.304,8,3.8,"TURKEY",1020590529
1994,01,05,21:39:21,40.8516,27.9463,5.9,3.8,"TURKEY",757805961
1991,03,03,12:16:15,40.5905,28.943,4.2,3.8,"TURKEY",668002575
1999,08,19,15:26:21,40.619,29.098,4,3.8,"TURKEY",935076381
1984,12,30,20:28:43,40.1914,29.4963,3.5,3.8,"TURKEY",473286523
1995,06,05,07:06:20,40.407,29.2781,2.9,3.8,"TURKEY",802335980
1977,11,05,13:47:03,40.6022,29.0952,0,3.8,"TURKEY",247585623
1978,09,03,15:04:05,40.6516,29.6238,33,3.7,"TURKEY",273683045
2000,01,10,02:48:15,40.371,27.961,16.3,3.7,"TURKEY",947472495
2009,11,16,18:47:22,40.6043,29.0044,12.8,3.7,"TURKEY",1258397242
2012,10,27,02:38:00,40.4364,28.7213,12,3.7,"TURKEY",1351305480
2006,08,01,21:40:38,40.7838,28.0355,11.1,3.7,"TURKEY",1154468438
2001,03,24,13:07:39,40.866,28.821,11,3.7,"TURKEY",985439259
2001,12,09,11:38:45,40.628,29.122,11,3.7,"TURKEY",1007897925
2000,02,09,16:41:32,40.766,29.941,10.9,3.7,"TURKEY",950114492
1999,12,09,11:38:45,40.635,29.111,10.4,3.7,"TURKEY",944739525
1977,05,04,07:17:44,40.2069,29.5628,10,3.7,"TURKEY",231578264
1988,01,06,12:26:30,40.397,28.904,10,3.7,"TURKEY",568470390
1995,06,19,15:52:34,40.3895,28.9363,10,3.7,"TURKEY",803577154
2019,01,05,04:20:15,40.425,28.3462,10,3.7,"TURKEY",1546662015
2008,10,05,06:04:05,40.5992,28.9986,9.9,3.7,"TURKEY",1223186645
1991,08,05,05:29:17,40.4979,29.3731,9.8,3.7,"TURKEY",681370157
2011,03,09,07:06:13,40.449,28.0579,9.1,3.7,"TURKEY",1299654373
1983,10,28,03:56:39,40.421,28.7909,9,3.7,"TURKEY",436161399
2004,10,11,01:25:11,40.4376,28.9276,9,3.7,"TURKEY",1097457911
1983,11,03,01:20:41,40.1262,29.3738,8,3.7,"TURKEY",436670441
2008,06,06,22:57:19,41.1157,28.8177,7.9,3.7,"TURKEY",1212793039
1999,10,11,02:47:48,40.672,29.046,7.2,3.7,"TURKEY",939610068
1997,04,04,10:06:18,40.1225,29.329,7.1,3.7,"TURKEY",860148378
1983,10,23,19:50:38,40.167,29.2625,7,3.7,"TURKEY",435786638
1999,08,22,17:22:58,40.611,30.066,7,3.7,"TURKEY",935342578
1999,08,17,10:01:42,40.824,30.045,6.9,3.7,"TURKEY",934884102
1999,08,18,06:06:28,40.726,29.282,6.1,3.7,"TURKEY",934956388
1992,09,21,03:44:52,40.4543,30.1053,5.1,3.7,"TURKEY",717047092
1995,08,19,20:05:42,40.1788,29.5764,5,3.7,"TURKEY",808862742
1995,08,23,09:26:20,40.1552,29.6527,5,3.7,"TURKEY",809169980
1997,10,24,00:11:13,40.7345,30.0927,5,3.7,"TURKEY",877651873
2005,11,26,22:27:49,40.6564,29.0658,5,3.7,"TURKEY",1133044069
1985,10,03,18:25:12,40.1785,29.2692,4.6,3.7,"TURKEY",497211912
2011,05,01,08:36:29,40.8544,28.1291,4.4,3.7,"TURKEY",1304238989
1984,04,20,20:48:39,40.8301,30.1065,4.3,3.7,"TURKEY",451342119
2004,05,25,05:40:48,40.4625,29.1239,4.2,3.7,"TURKEY",1085463648
1986,01,28,07:59:30,40.444,29.1063,3.5,3.7,"TURKEY",507283170
1981,12,30,09:39:08,40.1207,28.6158,3.3,3.7,"TURKEY",378553148
1982,07,31,11:07:16,40.1266,28.8475,2.4,3.7,"TURKEY",396961636
1996,10,31,13:53:14,40.3947,28.6721,2.3,3.7,"TURKEY",846769994
1984,05,18,15:34:11,40.1189,29.2642,2,3.7,"TURKEY",453742451
1988,01,01,11:50:40,40.1335,29.1959,0.4,3.7,"TURKEY",568036240
1972,04,15,03:32:42,40.7886,29.7559,0,3.7,"TURKEY",72156762
1981,05,27,02:02:54,40.8184,27.9903,0,3.7,"TURKEY",359776974
1979,08,09,09:28:32,40.9247,29.9704,22.8,3.6,"TURKEY",303038912
2005,09,07,13:50:41,40.7599,29.2286,20.7,3.6,"TURKEY",1126101041
2012,10,21,00:48:09,40.6115,28.9943,18,3.6,"TURKEY",1350780489
2011,10,16,03:42:26,40.7363,28.1081,16.8,3.6,"TURKEY",1318736546
2014,02,05,01:56:44,41.3648,28.6303,16.6,3.6,"TURKEY",1391565404
1999,12,07,14:46:58,40.754,29.127,14.7,3.6,"TURKEY",944578018
1999,09,06,18:53:58,40.74,30.097,14,3.6,"TURKEY",936644038
1999,09,02,16:29:34,40.736,29.698,12.2,3.6,"TURKEY",936289774
1998,11,25,23:38:17,41.2399,29.8573,12,3.6,"TURKEY",912037097
1981,09,17,02:07:38,40.8818,28.0684,11.7,3.6,"TURKEY",369540458
2011,03,09,07:04:04,40.4631,28.0439,11.6,3.6,"TURKEY",1299654244
2000,09,06,14:22:59,40.665,29.215,11.4,3.6,"TURKEY",968250179
1999,09,09,20:21:49,40.738,29.943,11.2,3.6,"TURKEY",936908509
1979,12,19,12:22:23,40.4565,28.5251,10.9,3.6,"TURKEY",314454143
2005,07,23,02:20:20,40.8937,28.1176,10.9,3.6,"TURKEY",1122085220
1998,11,11,11:33:55,40.6925,29.9375,10.7,3.6,"TURKEY",910784035
1999,08,17,07:17:11,40.739,29.725,10.6,3.6,"TURKEY",934874231
2000,11,22,06:59:20,40.648,29.085,10.1,3.6,"TURKEY",974876360
1977,06,14,02:58:25,40.4266,28.9354,10,3.6,"TURKEY",235105105
1977,11,03,21:59:57,40.7143,29.1184,10,3.6,"TURKEY",247442397
1983,01,27,21:01:10,40.2683,28.9833,10,3.6,"TURKEY",412549270
1983,10,25,16:53:13,40.1974,29.4794,10,3.6,"TURKEY",435948793
1983,12,28,17:03:59,40.1774,29.358,10,3.6,"TURKEY",441479039
1985,07,29,10:23:33,40.1347,29.2491,10,3.6,"TURKEY",491480613
1988,02,08,01:17:11,40.4599,29.1601,10,3.6,"TURKEY",571281431
1993,12,08,12:12:41,40.7496,29.7958,10,3.6,"TURKEY",755352761
1994,06,22,19:06:21,40.6784,30.0892,10,3.6,"TURKEY",772311981
1997,04,04,10:03:39,40.1611,29.2812,10,3.6,"TURKEY",860148219
1999,09,04,01:02:02,40.671,29.187,10,3.6,"TURKEY",936406922
1999,12,10,02:03:24,40.635,29.102,10,3.6,"TURKEY",944791404
2012,03,16,13:18:34,40.8454,27.9482,9.8,3.6,"TURKEY",1331903914
1999,09,01,13:57:36,40.736,29.951,9.2,3.6,"TURKEY",936194256
1994,08,12,16:15:36,40.711,29.6793,9,3.6,"TURKEY",776708136
1999,08,19,14:02:36,40.925,29.884,9,3.6,"TURKEY",935071356
1984,06,01,04:20:10,40.1371,29.2662,8.6,3.6,"TURKEY",454911610
1999,08,20,09:34:46,40.575,29.101,8.4,3.6,"TURKEY",935141686
1999,11,14,05:55:09,40.625,29.12,8.2,3.6,"TURKEY",942558909
1983,01,14,21:22:46,40.2026,28.774,8,3.6,"TURKEY",411427366
1990,07,13,09:41:53,40.375,28.886,8,3.6,"TURKEY",647862113
1999,08,19,15:48:19,40.62,29.137,8,3.6,"TURKEY",935077699
1999,08,24,05:30:30,40.705,29.602,8,3.6,"TURKEY",935472630
1974,09,13,12:10:02,40.7932,28.2905,7.6,3.6,"TURKEY",148306202
1982,08,26,19:23:00,40.8633,28.0791,7.1,3.6,"TURKEY",399237780
2001,12,10,02:03:24,40.607,29.129,7,3.6,"TURKEY",1007949804
2006,10,12,18:12:32,40.423,28.3345,7,3.6,"TURKEY",1160676752
1994,10,19,04:16:34,40.5963,29.929,6.9,3.6,"TURKEY",782540194
1999,08,17,18:35:21,40.426,28.719,6.7,3.6,"TURKEY",934914921
2000,09,19,09:22:45,40.729,29.201,6.7,3.6,"TURKEY",969355365
1991,01,06,15:24:32,40.7246,28.5999,6.4,3.6,"TURKEY",663175472
1993,03,18,01:36:16,40.4363,28.0461,6.2,3.6,"TURKEY",732418576
1999,08,23,20:02:01,40.559,28.17,6.2,3.6,"TURKEY",935438521
1992,02,25,20:12:25,40.3729,28.8044,6,3.6,"TURKEY",699048745
2005,09,08,03:39:21,40.7076,29.2222,5.6,3.6,"TURKEY",1126150761
1990,05,04,01:04:40,41.5803,28.3969,5,3.6,"TURKEY",641783080
1995,09,19,03:54:18,40.2503,29.2091,5,3.6,"TURKEY",811482858
1985,10,03,20:11:36,40.1777,29.244,4.6,3.6,"TURKEY",497218296
1992,11,16,11:31:49,41.2709,29.9801,4.6,3.6,"TURKEY",721913509
1999,08,21,23:34:11,40.634,29.12,4.6,3.6,"TURKEY",935278451
1991,07,08,08:40:51,40.2453,29.1675,4.5,3.6,"TURKEY",678962451
2008,06,29,08:28:01,40.4183,28.9998,4.2,3.6,"TURKEY",1214728081
1987,11,22,07:37:35,40.4998,29.1673,4.1,3.6,"TURKEY",564565055
2000,04,15,11:03:29,40.563,28.23,3.6,3.6,"TURKEY",955796609
2014,08,03,10:42:44,40.6057,29.159,3.4,3.6,"TURKEY",1407062564
2015,08,29,12:47:52,40.8712,27.9311,3.2,3.6,"TURKEY",1440852472
1996,03,30,11:44:43,40.7065,29.6833,3,3.6,"TURKEY",828186283
1995,08,20,21:38:38,40.1384,29.6129,2.7,3.6,"TURKEY",808954718
1999,11,07,09:06:13,40.745,30.016,2.2,3.6,"TURKEY",941965573
2007,08,01,19:03:08,40.7755,30.0593,1.6,3.6,"TURKEY",1185994988
1994,05,02,23:00:23,40.7681,29.0484,0.3,3.6,"TURKEY",767919623
1976,01,24,10:21:16,40.6097,29.9556,0,3.6,"TURKEY",191326876
1986,05,05,23:58:59,40.4057,27.9995,0,3.6,"TURKEY",515721539
2012,08,08,13:02:29,40.4243,28.6284,15.8,3.5,"TURKEY",1344430949
2012,10,31,09:55:50,40.4552,28.6935,15.7,3.5,"TURKEY",1351677350
1987,12,15,20:55:55,40.2079,29.6507,14.7,3.5,"TURKEY",566600155
1977,08,18,22:17:54,40.4841,29.2953,14,3.5,"TURKEY",240790674
1983,11,19,17:08:17,40.193,29.4404,12,3.5,"TURKEY",438109697
2009,08,01,16:42:39,40.3662,28.2804,11.6,3.5,"TURKEY",1249144959
1992,03,22,11:43:32,40.2277,28.3238,11.5,3.5,"TURKEY",701264612
1999,09,09,01:02:19,40.73,29.52,11.5,3.5,"TURKEY",936838939
1996,02,14,01:35:49,40.7245,30.0192,11.1,3.5,"TURKEY",824261749
1999,12,16,12:32:44,40.707,29.348,10.8,3.5,"TURKEY",945347564
2010,01,02,04:14:35,40.8532,29.2978,10.8,3.5,"TURKEY",1262405675
2010,02,03,21:57:55,40.4052,28.8576,10.8,3.5,"TURKEY",1265234275
1979,11,11,01:24:58,40.5265,30.0353,10,3.5,"TURKEY",311131498
1983,10,21,21:07:08,40.3091,29.3415,10,3.5,"TURKEY",435618428
1983,10,23,21:11:24,40.2426,29.4183,10,3.5,"TURKEY",435791484
1983,10,30,21:19:04,40.2617,28.9508,10,3.5,"TURKEY",436396744
1983,11,26,02:57:48,40.8089,28.44,10,3.5,"TURKEY",438663468
1984,06,16,19:36:34,40.1624,29.3309,10,3.5,"TURKEY",456262594
1984,12,12,05:25:31,40.2681,29.2815,10,3.5,"TURKEY",471677131
1986,05,12,07:02:34,40.9584,29.7847,10,3.5,"TURKEY",516265354
1987,09,04,20:15:35,40.425,29.181,10,3.5,"TURKEY",557784935
1988,02,07,17:56:29,40.419,29.0903,10,3.5,"TURKEY",571254989
1992,09,09,11:03:44,40.3473,28.6724,10,3.5,"TURKEY",716036624
1994,04,20,09:03:24,40.7706,28.6486,10,3.5,"TURKEY",766832604
1999,08,20,10:22:42,40.597,29.051,10,3.5,"TURKEY",935144562
1994,03,27,04:46:23,40.7755,28.0125,9.7,3.5,"TURKEY",764743583
1997,03,29,21:20:57,40.7296,30.0207,9.6,3.5,"TURKEY",859670457
1999,08,19,03:18:37,40.731,29.973,9.5,3.5,"TURKEY",935032717
2000,01,13,06:53:36,40.724,29.956,9.5,3.5,"TURKEY",947746416
2007,01,25,19:42:47,40.436,27.9499,9.5,3.5,"TURKEY",1169754167
2021,06,19,12:07:52,40.9776,29.1457,9.4,3.5,"TURKEY",1624104472
2009,01,27,21:23:40,41.4964,28.031,9.3,3.5,"TURKEY",1233091420
2011,08,16,17:30:07,40.4395,28.9026,9.3,3.5,"TURKEY",1313515807
1993,05,28,10:27:31,40.4257,28.0522,8.5,3.5,"TURKEY",738584851
1983,03,06,12:35:14,40.8121,28.1883,8.2,3.5,"TURKEY",415802114
1984,10,05,00:03:14,40.5927,28.3213,8.2,3.5,"TURKEY",465782594
1999,08,20,09:56:31,40.567,29.046,8,3.5,"TURKEY",935142991
1991,10,01,10:18:48,40.2588,29.3485,7.9,3.5,"TURKEY",686312328
1992,03,08,02:12:08,40.4119,29.4556,7.9,3.5,"TURKEY",700020728
1980,09,27,03:50:51,40.1281,28.1462,7.8,3.5,"TURKEY",338874651
2012,03,07,14:37:30,40.1361,29.9333,7.7,3.5,"TURKEY",1331131050
1999,08,28,05:23:22,40.631,29.125,7.5,3.5,"TURKEY",935817802
1999,10,05,04:10:03,40.798,29.87,7.3,3.5,"TURKEY",939096603
1991,03,03,20:20:16,40.598,28.968,7.1,3.5,"TURKEY",668031616
1999,08,19,18:01:26,40.766,30.012,7.1,3.5,"TURKEY",935085686
1988,04,25,18:37:22,40.8412,28.2624,7,3.5,"TURKEY",577996642
1999,08,17,09:57:38,40.762,29.611,7,3.5,"TURKEY",934883858
2003,07,22,23:55:01,40.767,29.0591,7,3.5,"TURKEY",1058918101
1994,03,14,17:33:20,40.3969,28.8557,6.9,3.5,"TURKEY",763666400
2009,04,06,17:24:09,40.1382,28.9528,6.9,3.5,"TURKEY",1239038649
1987,09,08,12:34:30,40.6579,29.8363,6.8,3.5,"TURKEY",558102870
2009,05,31,15:25:04,40.477,29.1408,6.8,3.5,"TURKEY",1243783504
1999,08,30,15:24:37,40.689,29.275,6.6,3.5,"TURKEY",936026677
1992,01,13,06:16:30,40.4702,28.6241,6.5,3.5,"TURKEY",695283390
1999,09,04,16:47:01,40.801,30.048,5.7,3.5,"TURKEY",936463621
1995,04,06,17:27:25,40.8591,28.3513,5.4,3.5,"TURKEY",797189245
1999,08,19,21:49:50,40.624,29.074,5.4,3.5,"TURKEY",935099390
1987,11,09,10:31:31,40.4216,29.1629,5.2,3.5,"TURKEY",563452291
1996,04,23,02:03:43,40.6461,29.9675,5,3.5,"TURKEY",830225023
1999,12,16,01:38:39,40.69,29.281,5,3.5,"TURKEY",945308319
1982,05,23,16:23:06,40.4507,29.0393,4.4,3.5,"TURKEY",391018986
2008,10,22,01:00:36,40.7236,29.1427,4.4,3.5,"TURKEY",1224637236
1999,09,09,02:00:46,40.63,29.042,4.3,3.5,"TURKEY",936842446
2006,03,28,13:07:01,40.541,28.1068,4.3,3.5,"TURKEY",1143551221
1994,08,03,17:06:26,40.7311,29.8586,4.2,3.5,"TURKEY",775933586
1999,08,18,00:45:00,40.783,29.032,4.2,3.5,"TURKEY",934937100
1999,08,28,10:20:05,40.62,29.108,4.2,3.5,"TURKEY",935835605
1999,08,28,08:27:45,40.778,30.058,4,3.5,"TURKEY",935828865
2010,03,08,16:07:12,40.4356,29.1395,3.2,3.5,"TURKEY",1268064432
1994,06,12,11:01:44,40.6445,29.8916,3.1,3.5,"TURKEY",771418904
1999,08,29,20:16:25,40.599,29.002,2.1,3.5,"TURKEY",935957785
2005,08,19,08:14:22,40.407,28.1423,1.7,3.5,"TURKEY",1124439262
1987,05,20,03:06:45,40.5907,29.0985,1.6,3.5,"TURKEY",548478405
1999,08,22,10:09:48,40.769,29.996,1.6,3.5,"TURKEY",935316588
1999,08,20,02:55:26,40.573,29.077,1,3.5,"TURKEY",935117726
1980,02,26,13:52:13,40.198,29.2999,0.3,3.5,"TURKEY",320421133
1996,03,25,11:31:38,40.2113,29.3503,0.2,3.5,"TURKEY",827753498
1980,10,25,16:57:05,40.7153,29.8068,0,3.5,"TURKEY",341341025
1999,08,20,01:52:16,40.667,29.146,19.7,3.4,"TURKEY",935113936
1999,08,19,03:20:59,40.655,30.024,17.3,3.4,"TURKEY",935032859
2002,02,21,22:50:29,40.815,27.948,15,3.4,"TURKEY",1014331829
2015,05,11,04:16:28,40.4206,29.1475,14.7,3.4,"TURKEY",1431317788
2010,01,13,03:54:52,40.6313,28.7485,12.9,3.4,"TURKEY",1263354892
1998,11,11,11:36:38,40.7524,29.9981,12.7,3.4,"TURKEY",910784198
2012,10,26,03:37:36,40.4126,28.7703,12.2,3.4,"TURKEY",1351222656
1999,08,19,16:57:58,40.71,29.225,12.1,3.4,"TURKEY",935081878
1997,01,12,13:57:46,40.71,29.98,12,3.4,"TURKEY",853077466
2000,01,11,14:38:07,40.706,29.387,11.4,3.4,"TURKEY",947601487
1986,09,18,10:07:56,40.2242,29.2548,11.3,3.4,"TURKEY",527422076
1993,07,05,03:35:00,40.3242,29.139,10.9,3.4,"TURKEY",741843300
1983,11,02,05:42:38,40.3903,29.083,10.4,3.4,"TURKEY",436599758
2012,12,08,22:10:20,40.3978,28.4257,10.4,3.4,"TURKEY",1355004620
1981,02,05,08:36:40,40.6576,29.9793,10,3.4,"TURKEY",350210200
1982,04,17,01:58:48,40.7458,29.7176,10,3.4,"TURKEY",387856728
1983,10,22,05:28:35,40.3028,29.3455,10,3.4,"TURKEY",435648515
1983,10,23,12:29:40,40.2012,29.343,10,3.4,"TURKEY",435760180
1983,10,29,16:08:04,40.2211,29.3139,10,3.4,"TURKEY",436291684
1984,04,26,05:47:27,40.7674,30.063,10,3.4,"TURKEY",451806447
1984,05,06,13:40:27,40.2093,29.2359,10,3.4,"TURKEY",452698827
1986,07,08,00:06:02,40.8053,28.3686,10,3.4,"TURKEY",521165162
1988,06,06,10:23:49,40.1534,29.4042,10,3.4,"TURKEY",581595829
1989,10,13,04:10:53,40.6732,29.7674,10,3.4,"TURKEY",624255053
1990,03,06,13:00:17,40.7938,28.1107,10,3.4,"TURKEY",636728417
1990,07,13,21:55:22,40.2449,28.9588,10,3.4,"TURKEY",647906122
1994,06,16,09:18:15,40.2099,29.5363,10,3.4,"TURKEY",771758295
1997,02,01,10:39:04,40.4578,29.2571,10,3.4,"TURKEY",854793544
1999,08,17,02:56:11,40.859,29.931,10,3.4,"TURKEY",934858571
1999,08,17,22:46:35,40.475,28.716,10,3.4,"TURKEY",934929995
1999,08,19,02:24:32,40.828,30.01,10,3.4,"TURKEY",935029472
1999,08,19,14:42:11,40.611,29.176,10,3.4,"TURKEY",935073731
1999,08,31,23:14:43,40.644,29.072,10,3.4,"TURKEY",936141283
1999,09,08,04:51:55,40.842,30.11,10,3.4,"TURKEY",936766315
2004,05,16,21:07:48,40.698,29.314,10,3.4,"TURKEY",1084741668
2005,02,20,21:02:06,40.461,29.227,10,3.4,"TURKEY",1108933326
2005,09,07,13:22:48,40.7458,29.2158,10,3.4,"TURKEY",1126099368
2011,05,19,04:38:50,40.8528,28.1285,10,3.4,"TURKEY",1305779930
2019,01,11,16:09:57,40.1781,28.7761,10,3.4,"TURKEY",1547222997
1999,08,19,22:29:05,40.624,29.107,9.8,3.4,"TURKEY",935101745
1991,07,15,12:00:50,40.4875,30.1009,9.4,3.4,"TURKEY",679579250
1999,11,14,05:17:34,40.648,29.157,9.3,3.4,"TURKEY",942556654
1993,07,05,16:29:39,40.4224,28.0677,9,3.4,"TURKEY",741889779
1997,05,14,05:10:45,40.6986,30.0856,9,3.4,"TURKEY",863586645
1999,08,18,13:59:34,40.761,29.005,9,3.4,"TURKEY",934984774
1997,02,12,13:57:45,40.7403,30.0171,8.4,3.4,"TURKEY",855755865
1999,08,18,09:30:56,40.636,29.609,8.4,3.4,"TURKEY",934968656
2000,01,31,14:44:18,40.769,29.297,8.2,3.4,"TURKEY",949329858
1999,08,17,05:12:12,40.213,28.018,8,3.4,"TURKEY",934866732
1999,08,17,14:31:11,40.421,28.717,8,3.4,"TURKEY",934900271
1999,08,20,00:00:56,40.639,29.1,8,3.4,"TURKEY",935107256
2001,07,30,13:57:11,40.757,29.234,8,3.4,"TURKEY",996501431
2005,08,14,21:11:12,40.7325,29.0271,8,3.4,"TURKEY",1124053872
1999,08,22,08:23:02,40.7,29.383,7.9,3.4,"TURKEY",935310182
1986,06,29,01:53:29,40.5963,29.9275,7.5,3.4,"TURKEY",520394009
2014,07,03,07:56:52,40.196,27.928,7.3,3.4,"TURKEY",1404374212
1992,05,25,08:51:15,40.7537,29.6524,7.2,3.4,"TURKEY",706783875
1993,07,03,03:36:56,40.7414,28.9673,7.1,3.4,"TURKEY",741670616
1999,08,19,05:11:10,40.734,30.026,7.1,3.4,"TURKEY",935039470
1994,01,09,19:47:17,40.6477,29.8811,7,3.4,"TURKEY",758144837
1980,09,27,23:54:42,40.4348,28.9815,6.9,3.4,"TURKEY",338946882
1999,11,13,10:55:23,40.744,29.137,6.8,3.4,"TURKEY",942490523
1999,09,04,15:39:12,40.771,29.959,6.7,3.4,"TURKEY",936459552
1999,07,05,22:30:03,40.767,29.873,6.6,3.4,"TURKEY",931213803
1985,11,04,23:14:52,40.3854,28.4359,6.4,3.4,"TURKEY",499994092
1984,04,26,05:15:30,40.7413,29.9979,6.1,3.4,"TURKEY",451804530
1983,12,23,06:44:19,40.8495,27.9815,6,3.4,"TURKEY",441009859
1992,09,25,05:49:19,40.7212,29.9227,6,3.4,"TURKEY",717400159
1999,08,19,14:40:15,41.301,29.578,5.9,3.4,"TURKEY",935073615
1991,04,30,23:38:19,40.7195,29.1597,5.8,3.4,"TURKEY",673054699
1999,11,13,21:33:17,40.684,29.162,5.5,3.4,"TURKEY",942528797
1991,12,12,15:42:51,40.6092,29.8901,5,3.4,"TURKEY",692552571
1994,01,09,20:19:24,40.6445,29.8843,5,3.4,"TURKEY",758146764
1995,11,26,02:49:06,40.1917,30.0089,5,3.4,"TURKEY",817354146
1999,08,31,22:34:54,40.632,29.033,5,3.4,"TURKEY",936138894
1999,09,06,15:57:17,40.585,29.027,5,3.4,"TURKEY",936633437
2009,05,25,22:50:42,40.4749,29.1489,5,3.4,"TURKEY",1243291842
2009,06,02,21:10:45,40.6241,28.9882,5,3.4,"TURKEY",1243977045
2013,04,09,11:42:24,40.539,28.1353,5,3.4,"TURKEY",1365507744
1992,03,23,02:01:00,40.1997,28.295,4.3,3.4,"TURKEY",701316060
1986,07,07,23:53:20,40.8706,28.365,4.2,3.4,"TURKEY",521164400
1999,09,08,15:35:10,40.631,29.087,4.2,3.4,"TURKEY",936804910
1994,07,14,21:17:52,40.8235,28.1836,4,3.4,"TURKEY",774220672
2004,11,03,18:00:44,40.425,29.992,4,3.4,"TURKEY",1099504844
1987,01,05,18:32:43,40.825,28.2871,3.3,3.4,"TURKEY",536869963
1994,06,22,19:10:35,40.6736,29.9859,3.2,3.4,"TURKEY",772312235
1993,09,24,23:39:15,40.2387,29.7296,2.7,3.4,"TURKEY",748913955
1984,05,18,17:43:57,40.1328,29.2618,2.6,3.4,"TURKEY",453750237
1988,03,05,21:27:53,40.7924,28.3198,2.4,3.4,"TURKEY",573600473
1992,03,19,11:45:49,40.1453,29.2434,1.9,3.4,"TURKEY",701005549
1999,08,19,15:38:09,40.645,29.066,1.9,3.4,"TURKEY",935077089
1999,08,17,12:16:41,40.841,30.044,1.8,3.4,"TURKEY",934892201
1996,09,09,09:50:53,40.6738,29.977,1.7,3.4,"TURKEY",842262653
1999,11,23,20:38:45,40.619,29.076,1.7,3.4,"TURKEY",943389525
1999,08,19,17:08:01,40.66,29.032,1.3,3.4,"TURKEY",935082481
2007,04,15,00:52:11,40.5809,28.3875,0.7,3.4,"TURKEY",1176598331
1989,03,28,11:54:00,40.176,28.954,0.3,3.4,"TURKEY",607089240
1992,03,22,18:19:11,40.1868,28.3388,0.2,3.4,"TURKEY",701288351
1977,01,28,20:59:25,41.1855,28.166,0,3.4,"TURKEY",223333165
1977,03,03,05:01:19,41.2926,29.2526,0,3.4,"TURKEY",226213279
1980,04,23,06:02:16,40.156,29.235,0,3.4,"TURKEY",325317736
1981,03,04,10:46:46,40.8488,28.0672,0,3.4,"TURKEY",352550806
1981,05,27,01:56:26,41.512,28.4003,0,3.4,"TURKEY",359776586
1983,10,23,20:56:55,40.2584,29.2144,0,3.4,"TURKEY",435790615
1997,02,19,10:57:39,40.738,29.9684,23.6,3.3,"TURKEY",856349859
1997,02,11,17:39:25,40.7409,29.9547,21.9,3.3,"TURKEY",855682765
2000,02,17,18:18:57,40.506,29.167,18.4,3.3,"TURKEY",950811537
1999,08,17,17:47:46,40.775,29.3,16.1,3.3,"TURKEY",934912066
2024,05,26,21:38:19,40.8178,28.3083,15.1,3.3,"TURKEY",1716759499
2009,01,26,12:10:18,40.1371,28.9201,14.4,3.3,"TURKEY",1232971818
2009,05,23,21:57:39,40.4704,29.1576,13.8,3.3,"TURKEY",1243115859
2011,08,02,04:42:30,40.2443,27.9578,13.8,3.3,"TURKEY",1312260150
1983,10,25,07:47:28,40.174,29.4886,13,3.3,"TURKEY",435916048
1983,10,31,22:27:18,40.2679,29.3523,13,3.3,"TURKEY",436487238
2002,02,13,14:22:34,40.663,29.155,13,3.3,"TURKEY",1013610154
2003,11,02,01:24:48,40.43,28.545,13,3.3,"TURKEY",1067736288
1983,10,22,11:20:26,40.1798,29.3597,12.3,3.3,"TURKEY",435669626
2003,04,02,17:35:18,40.827,28.185,12,3.3,"TURKEY",1049304918
2005,08,16,21:38:55,40.716,29.043,12,3.3,"TURKEY",1124228335
1988,02,07,16:02:10,40.7008,29.6662,11.4,3.3,"TURKEY",571248130
1999,09,06,14:08:15,40.733,29.392,11,3.3,"TURKEY",936626895
2012,10,20,23:42:19,40.8133,28.2838,11,3.3,"TURKEY",1350776539
1992,09,29,13:04:35,40.687,29.6292,10.9,3.3,"TURKEY",717771875
1988,04,29,20:59:10,40.8594,28.2881,10.8,3.3,"TURKEY",578350750
1998,03,07,05:19:05,40.6346,29.0801,10.4,3.3,"TURKEY",889247945
1987,11,21,19:57:00,40.5408,29.2846,10.3,3.3,"TURKEY",564523020
1997,07,15,02:04:22,40.2348,28.9654,10.2,3.3,"TURKEY",868932262
2020,04,13,23:56:37,41.6034,28.7473,10,3.3,"TURKEY",1586822197
1981,08,29,07:10:26,40.4807,29.2316,10,3.3,"TURKEY",367917026
1983,10,21,23:01:03,40.2273,29.1961,10,3.3,"TURKEY",435625263
1984,12,18,03:08:24,40.203,29.245,10,3.3,"TURKEY",472187304
1987,09,13,16:52:04,40.6399,29.7061,10,3.3,"TURKEY",558550324
1989,09,07,20:36:54,40.274,29.24,10,3.3,"TURKEY",621203814
1991,03,14,11:50:05,40.4187,27.9299,10,3.3,"TURKEY",668951405
1992,04,04,07:05:13,40.7373,29.2328,10,3.3,"TURKEY",702371113
1995,03,26,16:47:32,40.8668,28.4035,10,3.3,"TURKEY",796236452
1997,01,11,17:39:24,40.72,29.97,10,3.3,"TURKEY",853004364
1999,01,01,05:12:33,40.475,28.247,10,3.3,"TURKEY",915167553
1999,08,17,09:38:52,40.637,28.874,10,3.3,"TURKEY",934882732
1999,08,19,15:09:54,40.557,29.228,10,3.3,"TURKEY",935075394
1999,08,21,00:40:23,41.014,29.675,10,3.3,"TURKEY",935196023
1999,08,23,13:25:59,40.614,29.227,10,3.3,"TURKEY",935414759
1999,08,28,10:12:58,40.606,29.1,10,3.3,"TURKEY",935835178
1999,09,19,10:20:14,40.697,29.157,10,3.3,"TURKEY",937736414
2000,11,04,10:40:33,40.759,29.18,10,3.3,"TURKEY",973334433
2008,05,28,02:35:42,40.6164,28.0132,10,3.3,"TURKEY",1211942142
1999,08,28,08:02:12,40.663,29.014,9.7,3.3,"TURKEY",935827332
1995,03,28,03:59:40,40.8771,28.3976,9.5,3.3,"TURKEY",796363180
1999,05,15,20:45:02,40.431,29.058,9.2,3.3,"TURKEY",926801102
1979,09,05,19:13:09,40.1517,29.1016,9,3.3,"TURKEY",305406789
1998,01,25,10:02:43,40.8682,28.2753,9,3.3,"TURKEY",885722563
1999,08,17,21:41:57,40.85,29.141,9,3.3,"TURKEY",934926117
2003,07,03,15:14:21,40.327,29.436,9,3.3,"TURKEY",1057245261
1992,10,06,02:57:46,40.8646,28.1306,8.8,3.3,"TURKEY",718340266
1999,09,06,20:38:47,40.625,29.017,8.8,3.3,"TURKEY",936650327
2000,04,28,00:07:24,40.44,29.075,8.7,3.3,"TURKEY",956880444
1999,08,19,22:17:47,40.68,29.068,8.6,3.3,"TURKEY",935101067
1999,08,21,19:51:46,40.78,30.023,8.3,3.3,"TURKEY",935265106
1995,01,02,17:22:51,40.4147,29.1814,8,3.3,"TURKEY",789067371
1997,06,16,07:32:24,40.7174,29.9388,8,3.3,"TURKEY",866446344
1999,09,30,07:55:14,40.735,29.905,8,3.3,"TURKEY",938678114
2008,08,18,11:08:19,40.7106,29.1268,8,3.3,"TURKEY",1219057699
2009,09,27,01:19:55,40.6006,28.9015,8,3.3,"TURKEY",1254014395
2012,03,22,20:25:51,40.6548,29.0811,8,3.3,"TURKEY",1332447951
1999,08,22,04:27:36,40.669,29.286,7.9,3.3,"TURKEY",935296056
2009,07,18,09:59:53,40.7298,29.8467,7.9,3.3,"TURKEY",1247911193
1993,10,09,21:50:02,40.7218,29.92,7.8,3.3,"TURKEY",750203402
1981,07,22,16:31:34,40.2791,28.9225,7.7,3.3,"TURKEY",364667494
1994,02,20,07:44:32,40.2551,29.2441,7.7,3.3,"TURKEY",761730272
1991,04,29,07:53:07,40.7329,29.9419,7.4,3.3,"TURKEY",672911587
1994,01,06,02:48:06,40.1561,29.3015,7.4,3.3,"TURKEY",757824486
1999,09,04,01:45:33,40.735,29.365,7.4,3.3,"TURKEY",936409533
1999,06,28,13:53:34,40.69,29.857,7.2,3.3,"TURKEY",930578014
1993,12,23,02:47:33,40.76,29.9655,7.1,3.3,"TURKEY",756614853
2013,08,29,09:03:24,40.4498,29.1211,7.1,3.3,"TURKEY",1377767004
2013,12,07,11:41:30,40.4362,28.1863,7.1,3.3,"TURKEY",1386416490
1999,08,17,22:21:24,40.401,28.893,7,3.3,"TURKEY",934928484
1986,10,15,15:01:58,40.6848,29.6186,6.9,3.3,"TURKEY",529772518
1999,09,29,00:09:53,40.816,29.581,6.8,3.3,"TURKEY",938563793
1999,08,17,10:49:23,40.799,29.823,6.7,3.3,"TURKEY",934886963
1994,10,31,06:52:41,40.2264,28.3573,6.6,3.3,"TURKEY",783586361
1999,08,25,09:21:21,40.704,29.825,6.5,3.3,"TURKEY",935572881
1999,09,23,20:24:07,40.685,29.148,6.5,3.3,"TURKEY",938118247
1994,02,20,04:23:33,40.2363,29.2537,6.2,3.3,"TURKEY",761718213
1999,08,18,05:50:08,41.129,29.93,6,3.3,"TURKEY",934955408
1999,08,19,05:37:10,40.614,29.069,6,3.3,"TURKEY",935041030
1999,10,07,11:13:02,40.623,29.018,6,3.3,"TURKEY",939294782
1999,11,13,15:16:34,40.704,29.126,6,3.3,"TURKEY",942506194
1999,09,04,12:52:46,40.611,28.974,5.8,3.3,"TURKEY",936449566
2014,08,03,10:48:31,40.253,29.5157,5.8,3.3,"TURKEY",1407062911
1985,08,02,09:26:48,40.6541,30.029,5.6,3.3,"TURKEY",491822808
1999,08,19,03:11:23,40.628,29.139,5.4,3.3,"TURKEY",935032283
1994,06,05,06:37:58,40.7233,29.9105,5.3,3.3,"TURKEY",770798278
1999,09,23,06:24:12,40.771,29.8,5.3,3.3,"TURKEY",938067852
1983,04,26,20:07:48,40.2428,29.1262,5.2,3.3,"TURKEY",420235668
1991,10,26,04:16:31,40.6514,29.8181,5.2,3.3,"TURKEY",688450591
1999,09,24,20:10:46,40.75,29.136,5.2,3.3,"TURKEY",938203846
1999,09,11,07:25:59,40.702,29.332,5.1,3.3,"TURKEY",937034759
1993,08,26,00:42:08,40.2347,29.3223,5,3.3,"TURKEY",746325728
1998,10,30,23:15:17,40.7875,28.8801,5,3.3,"TURKEY",909789317
1999,08,19,10:58:04,40.2,28.796,5,3.3,"TURKEY",935060284
1999,08,19,22:02:21,40.617,29.083,5,3.3,"TURKEY",935100141
1999,08,23,22:36:36,40.689,29.182,5,3.3,"TURKEY",935447796
2009,02,21,23:04:44,40.7406,29.0236,5,3.3,"TURKEY",1235257484
2010,01,12,22:46:11,40.6188,29.0067,5,3.3,"TURKEY",1263336371
2000,01,01,07:41:49,40.724,29.225,4.9,3.3,"TURKEY",946712509
1999,09,04,10:45:00,40.759,30.018,4.5,3.3,"TURKEY",936441900
1999,09,07,01:34:13,40.594,28.987,4.5,3.3,"TURKEY",936668053
2000,01,21,01:46:59,40.754,30.071,4.4,3.3,"TURKEY",948419219
1994,05,02,22:00:39,40.7535,29.0733,4.3,3.3,"TURKEY",767916039
1999,08,21,18:09:33,40.567,29.058,4.2,3.3,"TURKEY",935258973
2000,03,06,15:44:53,40.703,29.234,4.2,3.3,"TURKEY",952357493
1999,08,19,20:57:49,40.595,29.082,4.1,3.3,"TURKEY",935096269
1993,12,30,19:29:31,40.7175,29.8735,4,3.3,"TURKEY",757279771
1995,08,19,20:10:41,40.1462,29.6054,3.7,3.3,"TURKEY",808863041
1999,08,17,23:56:37,40.943,29.259,3.4,3.3,"TURKEY",934934197
1999,10,11,14:26:34,40.71,29.103,3.4,3.3,"TURKEY",939651994
1999,11,17,19:14:35,40.931,27.936,3.4,3.3,"TURKEY",942866075
2006,10,28,15:28:27,40.6694,29.1787,3.4,3.3,"TURKEY",1162049307
1994,06,05,14:50:26,40.7203,30.0153,3.2,3.3,"TURKEY",770827826
1999,12,19,01:34:27,40.63,29.078,3.1,3.3,"TURKEY",945567267
1999,09,09,19:18:41,40.769,30.07,3,3.3,"TURKEY",936904721
1991,01,06,16:19:36,40.7539,28.6107,2.6,3.3,"TURKEY",663178776
1994,12,25,23:00:58,40.6978,30.078,2.6,3.3,"TURKEY",788396458
1993,02,04,10:18:38,40.5099,30.1059,2.5,3.3,"TURKEY",728821118
1996,02,08,03:33:12,40.7038,29.7256,2.5,3.3,"TURKEY",823750392
2000,01,07,01:48:35,40.775,28.437,2.4,3.3,"TURKEY",947209715
1996,09,08,21:11:42,40.1553,28.24,2.3,3.3,"TURKEY",842217102
1991,03,07,18:52:40,40.7301,29.8901,2.2,3.3,"TURKEY",668371960
1994,08,09,02:24:11,40.2035,29.0161,2.2,3.3,"TURKEY",776399051
2005,08,21,16:09:55,40.7599,29.8705,2,3.3,"TURKEY",1124640595
2009,02,21,22:29:43,40.7495,29.047,2,3.3,"TURKEY",1235255383
2009,07,12,06:59:12,40.6747,29.1704,2,3.3,"TURKEY",1247381952
2011,03,14,19:42:38,40.4511,29.056,2,3.3,"TURKEY",1300131758
1987,11,17,05:37:00,40.4144,29.2177,1.8,3.3,"TURKEY",564125820
1989,02,15,12:14:24,40.6287,29.8019,1.8,3.3,"TURKEY",603548064
1999,09,04,20:44:50,40.722,29.138,1.7,3.3,"TURKEY",936477890
1983,02,09,23:34:28,40.2779,29.5733,1.4,3.3,"TURKEY",413681668
1989,08,24,03:28:36,40.5804,28.2511,1.1,3.3,"TURKEY",619932516
1995,01,01,08:57:00,40.4854,29.0489,1.1,3.3,"TURKEY",788950620
1992,11,18,08:20:07,40.1458,29.2652,1,3.3,"TURKEY",722074807
1984,07,06,06:48:20,40.8027,27.9774,0.9,3.3,"TURKEY",457944500
1994,12,10,00:19:31,40.7557,29.903,0.9,3.3,"TURKEY",787018771
1983,11,03,03:59:10,40.2147,29.3415,0.6,3.3,"TURKEY",436679950
1989,11,06,12:40:30,40.4551,28.938,0.6,3.3,"TURKEY",626359230
1999,08,18,14:29:30,40.396,27.971,0.6,3.3,"TURKEY",934986570
1994,09,09,21:26:32,40.3937,28.633,0.4,3.3,"TURKEY",779145992
1977,07,28,02:26:02,40.7891,28.1659,0,3.3,"TURKEY",238904762
1978,05,15,13:58:33,41.6224,28.1758,0,3.3,"TURKEY",264088713
1980,01,12,02:42:13,40.589,29.1184,0,3.3,"TURKEY",316492933
1980,11,03,06:20:40,40.4554,29.0033,0,3.3,"TURKEY",342080440
1981,07,04,11:56:34,40.7871,29.582,0,3.3,"TURKEY",363095794
1981,10,07,14:57:48,40.8601,28.0378,0,3.3,"TURKEY",371314668
1982,02,18,19:33:55,40.4145,28.0158,0,3.3,"TURKEY",382908835
1983,11,03,13:07:24,40.166,29.3445,0,3.3,"TURKEY",436712844
1983,11,23,23:06:10,40.1351,29.3523,0,3.3,"TURKEY",438476770
1990,09,05,16:26:20,40.8583,28.5255,47,3.2,"TURKEY",652551980
1992,03,25,08:45:18,41.1948,29.1575,30.2,3.2,"TURKEY",701513118
1983,11,01,01:33:52,40.3199,29.439,27.7,3.2,"TURKEY",436498432
1999,08,17,16:14:42,40.673,28.922,23.9,3.2,"TURKEY",934906482
1976,09,17,11:36:05,40.8866,28.2121,23,3.2,"TURKEY",211808165
1987,11,06,21:40:15,40.8224,27.9777,17.9,3.2,"TURKEY",563233215
2005,03,11,07:56:11,40.8517,28.3271,17.2,3.2,"TURKEY",1110527771
2004,06,24,13:28:54,40.875,29.27,17,3.2,"TURKEY",1088083734
1999,08,17,10:15:57,40.775,29.701,15,3.2,"TURKEY",934884957
2010,09,18,17:17:15,40.8356,27.9866,15,3.2,"TURKEY",1284830235
1999,08,18,11:58:33,40.675,29.991,14.7,3.2,"TURKEY",934977513
2010,01,12,05:31:39,40.4871,28.1416,14.4,3.2,"TURKEY",1263274299
1999,08,17,14:27:42,40.749,29.523,14,3.2,"TURKEY",934900062
2005,11,03,05:06:33,40.702,29.23,14,3.2,"TURKEY",1130994393
2014,12,16,19:26:32,40.596,28.848,13.8,3.2,"TURKEY",1418757992
2000,07,09,21:04:08,40.741,29.23,13.5,3.2,"TURKEY",963176648
2014,11,10,18:24:47,40.8447,28.7788,13.5,3.2,"TURKEY",1415643887
2009,01,11,06:07:19,40.604,28.9966,13.2,3.2,"TURKEY",1231654039
2005,12,20,17:47:27,40.868,28.784,13,3.2,"TURKEY",1135100847
2012,03,21,22:37:04,40.6468,29.0683,13,3.2,"TURKEY",1332369424
1992,04,04,07:05:31,40.7682,29.1764,12.6,3.2,"TURKEY",702371131
1998,10,12,02:43:15,40.7393,29.1043,12.2,3.2,"TURKEY",908160195
1984,01,07,23:10:31,40.1184,29.3583,11.8,3.2,"TURKEY",442365031
1994,05,03,02:51:46,40.7639,29.0853,11.1,3.2,"TURKEY",767933506
1998,08,14,12:53:42,40.5979,28.9182,11.1,3.2,"TURKEY",903099222
1997,01,12,13:08:35,40.73,29.97,11,3.2,"TURKEY",853074515
2003,09,19,00:51:07,40.852,29.277,11,3.2,"TURKEY",1063932667
2005,01,30,05:08:27,40.634,29.076,11,3.2,"TURKEY",1107061707
2004,09,29,15:51:28,40.777,29.041,10.8,3.2,"TURKEY",1096473088
1997,02,12,13:08:35,40.7239,29.9725,10.6,3.2,"TURKEY",855752915
2000,04,03,10:17:18,40.747,29.655,10.6,3.2,"TURKEY",954757038
1984,09,28,15:38:04,40.1607,29.3571,10.4,3.2,"TURKEY",465233884
1998,04,18,15:39:57,40.7455,29.879,10.3,3.2,"TURKEY",892913997
1979,06,21,23:50:37,40.6322,29.9121,10,3.2,"TURKEY",298857037
1979,12,23,09:09:37,40.1662,28.8916,10,3.2,"TURKEY",314788177
1979,12,27,05:54:19,40.4449,28.4628,10,3.2,"TURKEY",315122059
1981,08,28,07:52:59,40.5104,29.1996,10,3.2,"TURKEY",367833179
1981,08,28,19:24:17,40.4583,29.2032,10,3.2,"TURKEY",367874657
1983,09,14,10:56:56,40.2768,29.4191,10,3.2,"TURKEY",432385016
1983,10,22,03:55:31,40.2918,29.2415,10,3.2,"TURKEY",435642931
1983,10,22,04:11:36,40.225,29.3986,10,3.2,"TURKEY",435643896
1983,10,23,03:11:42,40.2421,29.4372,10,3.2,"TURKEY",435726702
1983,10,23,13:35:07,40.2446,29.4484,10,3.2,"TURKEY",435764107
1983,10,24,22:04:21,40.2102,29.4835,10,3.2,"TURKEY",435881061
1984,01,20,05:50:33,40.613,28.9317,10,3.2,"TURKEY",443425833
1985,05,28,23:48:07,40.1525,29.3053,10,3.2,"TURKEY",486172087
1985,12,31,04:51:47,40.5864,29.991,10,3.2,"TURKEY",504852707
1986,05,11,11:52:50,40.4209,29.086,10,3.2,"TURKEY",516196370
1987,02,28,20:07:46,40.1744,29.2684,10,3.2,"TURKEY",541541266
1987,07,21,15:49:07,40.2542,29.5335,10,3.2,"TURKEY",553880947
1987,09,05,16:37:59,40.4104,29.25,10,3.2,"TURKEY",557858279
1987,09,07,16:46:49,40.7471,29.6885,10,3.2,"TURKEY",558031609
1989,02,19,21:40:35,40.9709,27.9367,10,3.2,"TURKEY",603927635
1990,11,04,08:07:50,40.7054,29.9804,10,3.2,"TURKEY",657706070
1991,05,05,03:16:44,40.6926,29.9312,10,3.2,"TURKEY",673413404
1991,11,11,02:53:49,40.1712,28.0803,10,3.2,"TURKEY",689828029
1993,12,06,00:06:44,40.6633,29.1932,10,3.2,"TURKEY",755136404
1995,06,22,17:49:46,40.8428,28.3372,10,3.2,"TURKEY",803843386
1996,01,15,15:21:09,41.61,29.58,10,3.2,"TURKEY",821719269
1998,03,09,17:18:53,40.6312,29.0772,10,3.2,"TURKEY",889463933
1998,09,05,12:07:11,40.8284,30.0494,10,3.2,"TURKEY",904997231
1999,08,17,09:20:05,40.707,29.776,10,3.2,"TURKEY",934881605
1999,08,17,17:21:29,40.46,29.532,10,3.2,"TURKEY",934910489
1999,08,17,20:29:00,40.738,29.076,10,3.2,"TURKEY",934921740
1999,08,18,12:49:46,40.487,29.791,10,3.2,"TURKEY",934980586
1999,08,19,21:38:49,40.643,29.211,10,3.2,"TURKEY",935098729
1999,08,23,14:54:46,40.556,28.15,10,3.2,"TURKEY",935420086
1999,08,26,21:49:50,40.972,30.099,10,3.2,"TURKEY",935704190
1999,09,05,05:29:26,40.642,28.884,10,3.2,"TURKEY",936509366
1999,10,06,18:35:02,40.651,29.038,10,3.2,"TURKEY",939234902
2000,01,07,15:08:50,40.611,28.912,10,3.2,"TURKEY",947257730
2002,02,19,18:55:19,40.55,28.286,10,3.2,"TURKEY",1014144919
2002,06,23,23:09:26,40.764,29.028,10,3.2,"TURKEY",1024873766
2002,08,17,13:54:59,40.311,29.31,10,3.2,"TURKEY",1029592499
2003,01,20,23:55:42,40.655,29.293,10,3.2,"TURKEY",1043106942
2007,01,15,05:09:01,40.4073,28.9943,10,3.2,"TURKEY",1168837741
2007,05,28,22:47:36,40.7565,29.1627,10,3.2,"TURKEY",1180392456
2009,07,14,19:16:17,40.8503,28.4999,10,3.2,"TURKEY",1247598977
1992,05,31,14:31:15,40.2472,30.074,9.7,3.2,"TURKEY",707322675
1999,08,20,11:22:56,40.603,29.058,9.7,3.2,"TURKEY",935148176
1992,03,21,06:47:45,40.1932,28.1109,9.4,3.2,"TURKEY",701160465
2012,10,27,03:47:54,40.4252,28.7127,9.3,3.2,"TURKEY",1351309674
1999,08,20,02:16:29,40.837,30.087,9.1,3.2,"TURKEY",935115389
1997,06,28,00:57:50,40.6479,30.0315,9,3.2,"TURKEY",867459470
1999,11,08,23:21:32,40.686,29.077,9,3.2,"TURKEY",942103292
2000,01,25,06:04:13,40.679,29.77,8.8,3.2,"TURKEY",948780253
1999,11,22,06:40:34,40.659,29.153,8.7,3.2,"TURKEY",943252834
1994,02,21,04:50:52,40.8333,28.0549,8.6,3.2,"TURKEY",761806252
1995,05,28,02:09:25,40.587,29.0504,8.6,3.2,"TURKEY",801626965
1998,10,05,00:26:44,40.3482,29.083,8.6,3.2,"TURKEY",907547204
1987,12,14,01:00:32,40.6638,29.6792,8.5,3.2,"TURKEY",566442032
1998,03,24,02:32:25,40.6239,29.0665,8.5,3.2,"TURKEY",890706745
1999,08,18,09:33:52,40.695,29.373,8.4,3.2,"TURKEY",934968832
2000,06,29,20:48:48,40.819,29.905,8.4,3.2,"TURKEY",962311728
1987,09,07,17:01:11,40.6979,29.923,8.2,3.2,"TURKEY",558032471
1999,08,19,10:57:58,40.718,29.307,8.1,3.2,"TURKEY",935060278
1999,11,27,02:42:19,40.635,29.15,8.1,3.2,"TURKEY",943670539
1999,08,23,22:16:21,40.609,29.092,8,3.2,"TURKEY",935446581
2003,04,29,22:51:37,40.724,29.032,8,3.2,"TURKEY",1051656697
2004,10,10,23:47:13,40.586,28.984,8,3.2,"TURKEY",1097452033
2007,09,19,22:53:40,40.8368,28.4284,8,3.2,"TURKEY",1190242420
2009,04,14,01:56:54,40.347,28.247,8,3.2,"TURKEY",1239674214
2011,07,02,19:25:27,40.1827,28.3245,8,3.2,"TURKEY",1309634727
1996,02,29,22:22:06,40.7154,30.0409,7.9,3.2,"TURKEY",825632526
1999,08,28,10:14:23,40.616,29.09,7.8,3.2,"TURKEY",935835263
1998,07,14,22:56:30,40.6102,29.0941,7.6,3.2,"TURKEY",900456990
1999,09,04,23:49:49,40.724,29.345,7.5,3.2,"TURKEY",936488989
1993,01,19,13:50:29,40.1243,28.8818,7.4,3.2,"TURKEY",727451429
2000,03,13,19:37:01,40.811,28.036,7.2,3.2,"TURKEY",952976221
1983,11,14,23:16:50,40.2198,29.3223,7.1,3.2,"TURKEY",437699810
1986,07,23,12:11:42,40.6944,29.7859,7.1,3.2,"TURKEY",522504702
2008,06,18,15:23:39,40.5535,29.2163,7.1,3.2,"TURKEY",1213802619
1985,12,26,11:12:21,40.2273,29.2212,7,3.2,"TURKEY",504443541
1990,11,24,21:28:13,40.74,28.3317,7,3.2,"TURKEY",659482093
1993,12,20,07:28:46,40.6017,28.7872,7,3.2,"TURKEY",756372526
1996,05,19,08:59:46,40.2312,29.5034,7,3.2,"TURKEY",832496386
1999,08,19,07:20:20,40.717,29.406,7,3.2,"TURKEY",935047220
2003,07,24,10:49:27,40.399,28.64,7,3.2,"TURKEY",1059043767
2007,11,26,01:47:35,40.7522,28.0713,7,3.2,"TURKEY",1196041655
1996,02,29,18:11:29,40.7096,30.0775,6.8,3.2,"TURKEY",825617489
1996,07,24,00:57:44,40.5086,29.5298,6.8,3.2,"TURKEY",838169864
1997,09,26,19:10:21,40.6452,29.0332,6.8,3.2,"TURKEY",875301021
1997,07,16,20:13:27,40.6541,29.8461,6.7,3.2,"TURKEY",869084007
2000,01,18,14:18:19,41.55,28.432,6.7,3.2,"TURKEY",948205099
2000,12,21,21:12:23,40.778,28.965,6.7,3.2,"TURKEY",977433143
1984,01,19,06:57:24,40.1217,29.313,6.4,3.2,"TURKEY",443343444
1991,05,01,11:36:36,40.7534,29.1846,6.4,3.2,"TURKEY",673097796
1996,10,12,19:51:30,40.422,29.1879,6.3,3.2,"TURKEY",845149890
1999,08,24,09:53:45,40.836,29.879,6.3,3.2,"TURKEY",935488425
1999,09,16,01:26:47,40.783,29.945,6.3,3.2,"TURKEY",937445207
1999,11,09,10:03:20,40.78,30.078,6.3,3.2,"TURKEY",942141800
1999,11,18,21:49:47,40.686,29.11,6.2,3.2,"TURKEY",942961787
1987,02,09,02:24:28,40.6047,29.0287,6.1,3.2,"TURKEY",539835868
1987,09,08,12:13:58,40.6722,29.6533,6,3.2,"TURKEY",558101638
1999,08,20,07:03:02,40.454,28.756,6,3.2,"TURKEY",935132582
2002,07,03,10:08:15,40.552,28.932,6,3.2,"TURKEY",1025690895
2004,05,10,17:12:57,40.682,29.239,6,3.2,"TURKEY",1084209177
1991,09,28,00:34:10,40.6719,29.717,5.9,3.2,"TURKEY",686018050
2000,11,26,09:01:14,40.611,29.086,5.9,3.2,"TURKEY",975229274
1999,12,12,17:07:19,40.699,30.053,5.8,3.2,"TURKEY",945018439
1986,03,02,10:39:18,40.8463,28.0079,5.6,3.2,"TURKEY",510143958
1986,08,22,06:45:58,40.169,28.3209,5.3,3.2,"TURKEY",525077158
1991,07,19,05:11:36,40.1477,29.1194,5.2,3.2,"TURKEY",679900296
1995,07,24,05:40:29,40.4561,28.6805,5.2,3.2,"TURKEY",806564429
1999,08,18,09:06:44,40.861,30.036,5.1,3.2,"TURKEY",934967204
1983,11,04,02:26:47,40.1647,29.4087,5,3.2,"TURKEY",436760807
1986,03,05,13:49:35,40.8662,28.0009,5,3.2,"TURKEY",510414575
1994,06,15,10:53:45,40.665,29.9671,5,3.2,"TURKEY",771677625
1995,05,10,08:01:51,40.75,28.71,5,3.2,"TURKEY",800092911
1998,08,31,21:15:39,40.7232,29.0321,5,3.2,"TURKEY",904598139
1999,05,29,22:43:55,40.814,28.731,5,3.2,"TURKEY",928017835
1999,08,17,21:50:49,40.816,30.018,5,3.2,"TURKEY",934926649
1999,08,19,11:41:00,40.777,29.669,5,3.2,"TURKEY",935062860
1999,08,19,15:20:33,40.611,29.127,5,3.2,"TURKEY",935076033
1999,08,19,21:03:19,40.782,30.112,5,3.2,"TURKEY",935096599
1999,08,23,22:08:01,40.736,29.22,5,3.2,"TURKEY",935446081
1999,09,01,21:06:20,40.473,29.03,5,3.2,"TURKEY",936219980
2000,05,29,12:07:47,40.69,29.195,5,3.2,"TURKEY",959602067
2003,10,15,09:37:21,40.278,29.551,5,3.2,"TURKEY",1066210641
2008,04,18,21:12:09,40.5973,29.0148,5,3.2,"TURKEY",1208553129
2010,02,04,16:05:59,40.4122,28.8455,5,3.2,"TURKEY",1265299559
2010,04,09,11:27:11,40.4496,28.9279,5,3.2,"TURKEY",1270812431
2012,01,30,11:02:07,40.2227,28.989,5,3.2,"TURKEY",1327921327
2006,10,21,07:30:36,40.2545,27.9836,4.9,3.2,"TURKEY",1161415836
1982,07,15,17:25:41,40.7593,29.8776,4.8,3.2,"TURKEY",395601941
1999,11,17,13:16:13,40.756,29.983,4.8,3.2,"TURKEY",942844573
1987,07,28,06:09:15,40.1474,28.1549,4.6,3.2,"TURKEY",554450955
1999,05,27,16:31:12,40.315,29.298,4.6,3.2,"TURKEY",927822672
1981,03,12,04:27:24,40.9052,28.4053,4.5,3.2,"TURKEY",353219244
1988,05,06,05:25:07,40.8679,28.2984,4.4,3.2,"TURKEY",578899507
1994,02,24,11:17:38,40.4303,27.9961,4.3,3.2,"TURKEY",762088658
1991,10,10,23:01:57,40.2966,28.2991,4.1,3.2,"TURKEY",687135717
1994,02,18,03:56:13,40.7763,28.068,4.1,3.2,"TURKEY",761543773
1999,08,22,20:08:32,40.626,29.074,4.1,3.2,"TURKEY",935352512
1999,11,05,08:35:11,40.786,29.145,4.1,3.2,"TURKEY",941790911
2000,09,08,14:46:10,40.638,29.075,4.1,3.2,"TURKEY",968424370
1992,03,22,17:02:29,40.2072,28.31,4,3.2,"TURKEY",701283749
1999,08,17,20:38:05,40.694,29.071,4,3.2,"TURKEY",934922285
1992,03,29,04:27:33,40.6055,29.0568,3.9,3.2,"TURKEY",701843253
1999,11,13,21:52:54,40.347,28.971,3.9,3.2,"TURKEY",942529974
2000,08,10,20:53:09,41.296,29.569,3.9,3.2,"TURKEY",965940789
1992,03,22,15:34:49,40.4705,29.2641,3.7,3.2,"TURKEY",701278489
1996,02,19,13:01:13,40.4204,28.3624,3.7,3.2,"TURKEY",824734873
1999,09,03,22:39:12,40.666,29.915,3.7,3.2,"TURKEY",936398352
1991,06,03,11:02:52,40.656,29.8173,3.5,3.2,"TURKEY",675946972
1992,05,19,11:17:03,40.6532,29.8949,3.5,3.2,"TURKEY",706274223
2000,01,23,08:40:55,40.65,29.146,3.4,3.2,"TURKEY",948616855
1993,12,05,07:13:38,40.6775,29.8512,3.3,3.2,"TURKEY",755075618
1999,08,29,18:29:42,40.622,29.011,3.3,3.2,"TURKEY",935951382
1991,03,03,09:09:11,40.6469,28.9983,3.2,3.2,"TURKEY",667991351
1999,01,01,16:21:33,40.671,29.949,3.2,3.2,"TURKEY",915207693
1999,08,19,17:34:09,40.783,30.108,3.2,3.2,"TURKEY",935084049
1999,11,15,05:05:04,40.671,29.108,3.2,3.2,"TURKEY",942642304
1993,08,31,15:18:35,40.5804,28.9668,3,3.2,"TURKEY",746810315
1987,07,29,15:59:32,40.8774,28.4571,2.8,3.2,"TURKEY",554572772
1989,09,03,13:27:20,40.6721,28.1707,2.8,3.2,"TURKEY",620832440
1999,09,03,04:18:07,40.754,28.723,2.8,3.2,"TURKEY",936332287
1999,09,26,23:44:12,40.782,29.689,2.7,3.2,"TURKEY",938389452
1999,09,19,06:01:59,40.857,30.097,2.6,3.2,"TURKEY",937720919
1999,10,12,22:08:51,40.778,30.05,2.5,3.2,"TURKEY",939766131
2008,07,22,10:04:01,40.8077,28.088,2.4,3.2,"TURKEY",1216721041
1986,06,19,03:10:14,40.8527,28.3099,2.2,3.2,"TURKEY",519534614
1992,03,06,05:56:13,40.8342,30.0387,2,3.2,"TURKEY",699861373
2009,08,15,02:11:58,40.2091,28.9769,2,3.2,"TURKEY",1250302318
2009,10,09,11:33:35,40.4078,29.0921,2,3.2,"TURKEY",1255088015
1996,03,05,05:56:57,40.7027,30.0259,1.8,3.2,"TURKEY",826005417
1991,03,15,12:48:54,41.3222,28.1667,1.4,3.2,"TURKEY",669041334
1999,08,30,07:18:03,40.638,29.113,1.4,3.2,"TURKEY",935997483
1984,06,29,22:15:30,40.4447,29.0003,1.3,3.2,"TURKEY",457395330
1997,11,12,13:56:08,40.6697,29.733,1.3,3.2,"TURKEY",879342968
2000,03,25,13:10:58,40.504,29.132,1.3,3.2,"TURKEY",953989858
1999,09,14,21:31:37,40.763,29.981,1.1,3.2,"TURKEY",937344697
1999,08,22,08:25:33,40.647,29.334,0.7,3.2,"TURKEY",935310333
1999,08,31,15:14:46,40.962,29.924,0.7,3.2,"TURKEY",936112486
1992,09,27,09:29:23,40.6832,29.9056,0.5,3.2,"TURKEY",717586163
1999,09,24,00:01:27,40.474,29.108,0.4,3.2,"TURKEY",938131287
1987,06,15,06:44:13,40.5425,29.785,0.3,3.2,"TURKEY",550737853
1976,01,23,19:56:51,40.3838,30.0983,0,3.2,"TURKEY",191275011
1976,06,21,16:34:42,40.2974,29.0501,0,3.2,"TURKEY",204222882
1977,03,01,07:07:34,40.8367,27.9497,0,3.2,"TURKEY",226048054
1977,07,13,07:02:19,40.3539,28.219,0,3.2,"TURKEY",237625339
1977,07,28,08:15:01,40.8965,28.1946,0,3.2,"TURKEY",238925701
1977,12,02,18:39:26,40.2325,29.2661,0,3.2,"TURKEY",249935966
1979,07,02,09:03:29,41.1077,28.6667,0,3.2,"TURKEY",299754209
1980,01,28,00:18:54,40.5831,29.0733,0,3.2,"TURKEY",317866734
1980,08,31,11:37:51,40.1515,28.0699,0,3.2,"TURKEY",336569871
1982,11,02,03:20:22,40.1634,28.9608,0,3.2,"TURKEY",405055222
1986,03,07,09:47:24,40.65,29.7144,0,3.2,"TURKEY",510572844
1990,09,08,04:22:46,40.3398,28.9899,0,3.2,"TURKEY",652767766
1990,09,05,16:21:30,41.0287,28.6781,58.9,3.1,"TURKEY",652551690
2005,07,20,22:17:54,40.752,29.065,26,3.1,"TURKEY",1121897874
1999,08,19,16:30:15,40.674,29.2,25.6,3.1,"TURKEY",935080215
2005,02,23,10:37:43,40.854,28.917,24,3.1,"TURKEY",1109155063
1986,01,27,05:39:36,40.2077,29.3792,23.7,3.1,"TURKEY",507188376
1999,08,19,23:46:13,40.597,29.301,23.2,3.1,"TURKEY",935106373
1993,06,27,11:41:47,40.2993,29.0745,21.5,3.1,"TURKEY",741181307
1999,08,19,15:03:24,40.553,29.524,18.9,3.1,"TURKEY",935075004
1997,02,27,08:25:25,40.6956,29.9032,18.7,3.1,"TURKEY",857031925
2007,10,15,17:05:48,40.4493,27.9484,17.9,3.1,"TURKEY",1192467948
2012,10,10,05:43:37,40.578,29.044,16.8,3.1,"TURKEY",1349847817
1984,01,24,18:29:49,40.128,29.3208,16,3.1,"TURKEY",443816989
2005,01,30,05:14:24,40.634,29.098,16,3.1,"TURKEY",1107062064
2013,05,21,10:05:22,40.4329,28.954,15.8,3.1,"TURKEY",1369130722
2015,01,19,11:10:43,40.8653,28.682,15.7,3.1,"TURKEY",1421665843
1997,03,28,04:01:21,40.7123,29.9117,15.1,3.1,"TURKEY",859521681
1999,07,26,10:13:11,40.893,28.154,15,3.1,"TURKEY",932983991
2002,02,19,13:25:36,40.404,28.633,15,3.1,"TURKEY",1014125136
2006,04,16,20:54:57,40.7554,29.1024,15,3.1,"TURKEY",1145220897
1999,08,18,04:14:58,40.631,30.019,14.8,3.1,"TURKEY",934949698
1997,01,12,13:16:16,40.72,29.95,14,3.1,"TURKEY",853074976
1997,01,12,14:21:09,40.68,29.96,14,3.1,"TURKEY",853078869
1998,06,07,20:03:51,40.876,28.126,14,3.1,"TURKEY",897249831
2002,10,01,04:21:36,40.837,28.058,14,3.1,"TURKEY",1033446096
2005,09,08,00:44:58,40.703,29.257,14,3.1,"TURKEY",1126140298
1991,06,18,08:14:02,40.9972,29.086,13.8,3.1,"TURKEY",677232842
2006,05,21,02:40:17,40.8282,28.0594,13.8,3.1,"TURKEY",1148179217
1998,04,04,01:45:23,40.753,29.9145,13.7,3.1,"TURKEY",891654323
1999,08,17,11:03:16,40.685,29.16,13.6,3.1,"TURKEY",934887796
1993,04,15,10:52:07,40.4009,28.8976,13.4,3.1,"TURKEY",734871127
1983,11,02,19:37:07,40.1673,29.4188,13.3,3.1,"TURKEY",436649827
1999,08,20,06:21:45,40.649,29.093,13.3,3.1,"TURKEY",935130105
2000,11,11,23:29:24,40.591,29.086,13.1,3.1,"TURKEY",973985364
1995,11,29,13:06:59,40.3756,28.3811,13,3.1,"TURKEY",817650419
1997,02,12,14:21:09,40.7045,29.9838,12.7,3.1,"TURKEY",855757269
1999,08,17,16:04:27,40.71,29.203,12.5,3.1,"TURKEY",934905867
1993,09,22,08:53:36,40.1907,29.2774,12.4,3.1,"TURKEY",748688016
2010,09,02,08:15:59,40.1473,28.169,12.4,3.1,"TURKEY",1283415359
1983,11,03,09:02:04,40.2032,29.4528,12.3,3.1,"TURKEY",436698124
1990,07,21,21:36:45,40.2649,29.1683,12.3,3.1,"TURKEY",648596205
1990,12,04,01:19:29,40.2699,29.158,12.3,3.1,"TURKEY",660273569
1999,10,20,23:11:38,40.777,29.003,12.2,3.1,"TURKEY",940461098
1999,10,09,05:23:36,40.755,29.192,12.1,3.1,"TURKEY",939446616
1992,11,02,11:03:03,40.2429,29.5354,12,3.1,"TURKEY",720702183
1999,11,13,18:35:04,40.752,29.423,12,3.1,"TURKEY",942518104
2003,09,18,09:42:57,40.843,28.341,12,3.1,"TURKEY",1063878177
2005,09,08,00:22:10,40.72,29.204,12,3.1,"TURKEY",1126138930
2006,09,16,23:10:38,40.5976,29.154,12,3.1,"TURKEY",1158448238
2007,09,19,21:25:33,40.8673,28.404,12,3.1,"TURKEY",1190237133
1997,02,22,19:39:53,40.7098,29.9511,11.5,3.1,"TURKEY",856640393
1986,03,29,13:12:41,40.138,29.9943,11.4,3.1,"TURKEY",512485961
1999,08,17,08:38:10,40.768,29.538,11.4,3.1,"TURKEY",934879090
1993,09,28,00:07:42,40.6274,29.8331,11.3,3.1,"TURKEY",749174862
1993,10,06,16:48:53,40.6722,29.9065,11.3,3.1,"TURKEY",749926133
2000,04,30,00:51:32,40.78,28.123,11.3,3.1,"TURKEY",957055892
1999,09,06,06:38:42,40.772,29.709,11.1,3.1,"TURKEY",936599922
1997,01,10,21:54:21,40.74,29.97,11,3.1,"TURKEY",852933261
1999,08,22,03:05:32,40.808,29.13,11,3.1,"TURKEY",935291132
1999,11,25,19:16:55,40.662,29.122,11,3.1,"TURKEY",943557415
2001,12,12,17:07:18,40.759,30.096,11,3.1,"TURKEY",1008176838
2004,06,07,13:42:24,40.699,29.329,11,3.1,"TURKEY",1086615744
2011,11,12,12:18:39,40.4093,28.8616,10.9,3.1,"TURKEY",1321100319
1994,02,21,02:51:54,40.7587,28.1301,10.8,3.1,"TURKEY",761799114
2009,06,22,09:29:11,40.4746,29.1318,10.8,3.1,"TURKEY",1245662951
1998,03,31,10:35:50,40.2585,29.2557,10.7,3.1,"TURKEY",891340550
2006,12,05,09:38:24,40.8317,28.0502,10.7,3.1,"TURKEY",1165311504
1991,01,06,16:09:34,40.5907,28.8338,10.6,3.1,"TURKEY",663178174
1995,08,20,00:56:04,40.2157,29.7112,10.6,3.1,"TURKEY",808880164
2000,08,08,16:00:33,40.881,29.323,10.6,3.1,"TURKEY",965750433
1999,10,03,18:17:32,40.748,30.11,10.4,3.1,"TURKEY",938974652
2010,11,12,04:00:30,40.7253,28.9923,10.4,3.1,"TURKEY",1289534430
1997,02,12,13:16:16,40.7481,30.0066,10.3,3.1,"TURKEY",855753376
2011,03,30,18:07:48,40.436,28.0484,10.3,3.1,"TURKEY",1301508468
2014,09,04,08:33:00,40.586,29.0108,10.3,3.1,"TURKEY",1409819580
1993,03,18,13:06:57,40.4334,28.0526,10.2,3.1,"TURKEY",732460017
2014,01,30,02:54:33,40.6743,29.2725,10.1,3.1,"TURKEY",1391050473
1976,05,31,23:44:57,40.4512,28.806,10,3.1,"TURKEY",202434297
1977,08,24,09:16:25,40.622,29.1012,10,3.1,"TURKEY",241262185
1978,07,08,11:26:08,40.8581,29.7484,10,3.1,"TURKEY",268745168
1978,09,03,15:02:24,40.516,29.7467,10,3.1,"TURKEY",273682944
1979,10,08,20:53:17,40.5931,29.7027,10,3.1,"TURKEY",308263997
1981,10,08,00:32:23,40.78,28.8804,10,3.1,"TURKEY",371349143
1981,12,26,18:02:06,40.1368,28.7157,10,3.1,"TURKEY",378237726
1982,06,26,22:04:08,40.3867,28.9415,10,3.1,"TURKEY",393977048
1982,11,15,19:57:27,40.4232,29.807,10,3.1,"TURKEY",406238247
1982,12,20,16:56:33,40.6706,29.2222,10,3.1,"TURKEY",409251393
1983,10,25,21:22:47,40.1586,29.4309,10,3.1,"TURKEY",435964967
1983,11,13,04:42:30,40.2469,29.4167,10,3.1,"TURKEY",437546550
1985,05,30,10:50:59,40.6393,29.9058,10,3.1,"TURKEY",486298259
1985,09,01,00:22:50,40.244,29.3719,10,3.1,"TURKEY",494382170
1985,10,30,20:22:12,40.2777,29.5401,10,3.1,"TURKEY",499551732
1985,12,31,11:50:40,40.5824,29.8917,10,3.1,"TURKEY",504877840
1986,01,27,06:18:48,40.3481,29.5536,10,3.1,"TURKEY",507190728
1986,06,19,19:46:24,40.8795,28.3229,10,3.1,"TURKEY",519594384
1987,06,07,21:32:33,40.1873,29.7259,10,3.1,"TURKEY",550099953
1988,02,06,12:34:25,40.3952,28.909,10,3.1,"TURKEY",571149265
1989,04,14,12:33:44,40.6906,29.9334,10,3.1,"TURKEY",608560424
1989,11,15,00:54:27,40.217,29.2621,10,3.1,"TURKEY",627094467
1990,08,11,15:46:56,41.1891,29.3098,10,3.1,"TURKEY",650389616
1991,06,24,09:42:15,40.6371,28.4472,10,3.1,"TURKEY",677756535
1992,06,28,02:00:06,40.456,28.9861,10,3.1,"TURKEY",709696806
1992,08,20,21:07:46,40.2749,28.7716,10,3.1,"TURKEY",714344866
1992,11,30,12:13:50,41.2634,28.9482,10,3.1,"TURKEY",723125630
1993,03,18,07:55:34,40.4693,28.0944,10,3.1,"TURKEY",732441334
1993,10,23,07:58:37,40.3257,29.3689,10,3.1,"TURKEY",751363117
1994,05,02,21:43:02,40.5379,29.0494,10,3.1,"TURKEY",767914982
1995,05,09,12:13:48,40.7003,29.9109,10,3.1,"TURKEY",800021628
1995,06,08,05:35:11,40.424,29.2147,10,3.1,"TURKEY",802589711
1995,07,27,07:18:00,40.4171,28.8226,10,3.1,"TURKEY",806829480
1996,01,14,10:45:15,40.3124,29.419,10,3.1,"TURKEY",821616315
1996,02,15,02:10:23,40.76,30.0268,10,3.1,"TURKEY",824350223
1996,02,16,04:37:47,40.7231,30.0163,10,3.1,"TURKEY",824445467
1998,10,02,15:21:56,40.2611,28.8548,10,3.1,"TURKEY",907341716
1999,08,17,09:12:22,40.704,29.251,10,3.1,"TURKEY",934881142
1999,08,17,17:26:43,40.619,29.845,10,3.1,"TURKEY",934910803
1999,08,18,09:00:54,40.817,29.04,10,3.1,"TURKEY",934966854
1999,08,19,15:16:51,40.61,29.539,10,3.1,"TURKEY",935075811
1999,08,19,19:43:28,40.68,28.933,10,3.1,"TURKEY",935091808
1999,08,19,20:06:07,40.626,29.081,10,3.1,"TURKEY",935093167
1999,08,19,20:19:56,40.613,29.101,10,3.1,"TURKEY",935093996
1999,08,21,19:38:07,40.916,28.769,10,3.1,"TURKEY",935264287
1999,08,22,08:38:36,40.605,29.075,10,3.1,"TURKEY",935311116
1999,08,22,23:31:38,40.587,29.078,10,3.1,"TURKEY",935364698
1999,08,29,01:15:18,40.131,28.786,10,3.1,"TURKEY",935889318
1999,08,30,22:46:35,40.599,29.022,10,3.1,"TURKEY",936053195
1999,08,31,08:16:52,40.785,29.976,10,3.1,"TURKEY",936087412
1999,09,02,02:52:06,40.73,29.729,10,3.1,"TURKEY",936240726
1999,09,03,02:33:26,40.812,29.865,10,3.1,"TURKEY",936326006
1999,09,06,17:47:08,40.613,28.974,10,3.1,"TURKEY",936640028
1999,11,14,06:03:55,40.627,29.153,10,3.1,"TURKEY",942559435
2000,02,28,18:36:39,40.434,28.985,10,3.1,"TURKEY",951762999
2000,11,04,11:30:49,40.748,29.14,10,3.1,"TURKEY",973337449
2001,10,14,03:23:27,40.764,29.24,10,3.1,"TURKEY",1003029807
2004,10,09,01:46:22,40.839,28.353,10,3.1,"TURKEY",1097286382
2006,09,12,18:18:21,40.7946,28.9768,10,3.1,"TURKEY",1158085101
2007,03,17,00:22:20,40.7097,29.7594,10,3.1,"TURKEY",1174090940
2008,08,12,18:40:49,40.8398,27.9488,10,3.1,"TURKEY",1218566449
